<?xml version="1.0" encoding="utf-8"?>
<Manifest xmlns:xsi="http://www.w3.org/2001/XMLSchema-instance" xsi:noNamespaceSchemaLocation="AMPManifest.xsd">
  <ModuleName>S70031_Employee</ModuleName>
  <ModuleVersion>1</ModuleVersion>
  <ModuleDesc>null</ModuleDesc>
  <ModuleDisplayName>S70031_Employee</ModuleDisplayName>
  <ClientIconIndex>48</ClientIconIndex>
  <InvokeOnClient>1</InvokeOnClient>
  <PersistAppDomain>1</PersistAppDomain>
  <MarkProcessedMessages>0</MarkProcessedMessages>
  <DeleteProcessedMessages>0</DeleteProcessedMessages>
  <ProcessUpdates>1</ProcessUpdates>
  <CredentialsCache key="S70031_Employee_credentials">0</CredentialsCache>
  <RequiresActivation>0</RequiresActivation>

  <SharedStorage key="">0</SharedStorage>

  <TransformPlugin>
    <File shared="true">WorkflowClient.dll</File>
    <Class>Sybase.UnwiredPlatform.WorkflowClient.Transformer</Class>
  </TransformPlugin>

  <ResponsePlugin>
    <File shared="true">WorkflowClient.dll</File>
    <Class>Sybase.UnwiredPlatform.WorkflowClient.Responder</Class>
  </ResponsePlugin>

  <ClientWorkflows>
    <WindowsMobileProfessional>
      <HTMLWorkflow>
        <File>S70031_Employee.xml</File>
        <HtmlFiles>        
          <HtmlFile>html/css/Stylesheet.css</HtmlFile>        
          <HtmlFile>html/hybridapp.html</HtmlFile>        
          <HtmlFile>html/js/API.js</HtmlFile>        
          <HtmlFile>html/js/Callbacks.js</HtmlFile>        
          <HtmlFile>html/js/Camera.js</HtmlFile>        
          <HtmlFile>html/js/Certificate.js</HtmlFile>        
          <HtmlFile>html/js/Custom.js</HtmlFile>        
          <HtmlFile>html/js/datajs-1.0.3.js</HtmlFile>        
          <HtmlFile>html/js/ExternalResource.js</HtmlFile>        
          <HtmlFile>html/js/hwc-api.js</HtmlFile>        
          <HtmlFile>html/js/hwc-comms.js</HtmlFile>        
          <HtmlFile>html/js/hwc-utils.js</HtmlFile>        
          <HtmlFile>html/js/HybridApp.js</HtmlFile>        
          <HtmlFile>html/js/json2.js</HtmlFile>        
          <HtmlFile>html/js/PlatformIdentification.js</HtmlFile>        
          <HtmlFile>html/js/Resources.js</HtmlFile>        
          <HtmlFile>html/js/SUPStorage.js</HtmlFile>        
          <HtmlFile>html/js/Timezone.js</HtmlFile>        
          <HtmlFile>html/js/Utils.js</HtmlFile>        
          <HtmlFile>html/js/wm/cordova-2.0.0.javascript</HtmlFile>        
          <HtmlFile>html/js/WorkflowMessage.js</HtmlFile>          
        </HtmlFiles>
      </HTMLWorkflow>
    </WindowsMobileProfessional>
    <BlackBerry>
      <HTMLWorkflow>
        <File>S70031_Employee_jQM.xml</File>
        <HtmlFiles>        
          <HtmlFile>html/css/iphone/actionSheet.css</HtmlFile>        
          <HtmlFile>html/css/iphone/customButton.css</HtmlFile>        
          <HtmlFile>html/css/iphone/images/sw-alpha.png</HtmlFile>        
          <HtmlFile>html/css/iphone/images/sw-button-cancel.png</HtmlFile>        
          <HtmlFile>html/css/iphone/images/sw-button-done.png</HtmlFile>        
          <HtmlFile>html/css/iphone/images/sw-header.png</HtmlFile>        
          <HtmlFile>html/css/iphone/images/sw-slot-border.png</HtmlFile>        
          <HtmlFile>html/css/iphone/listview.css</HtmlFile>        
          <HtmlFile>html/css/iphone/picker.css</HtmlFile>        
          <HtmlFile>html/css/iphone/signature.css</HtmlFile>        
          <HtmlFile>html/css/iphone/Stylesheet.css</HtmlFile>        
          <HtmlFile>html/css/jquery/images/ajax-loader.gif</HtmlFile>        
          <HtmlFile>html/css/jquery/images/ajax-loader.png</HtmlFile>        
          <HtmlFile>html/css/jquery/images/icons-18-black.png</HtmlFile>        
          <HtmlFile>html/css/jquery/images/icons-18-white.png</HtmlFile>        
          <HtmlFile>html/css/jquery/images/icons-36-black.png</HtmlFile>        
          <HtmlFile>html/css/jquery/images/icons-36-white.png</HtmlFile>        
          <HtmlFile>html/css/jquery/jquery.mobile-1.1.0.css</HtmlFile>        
          <HtmlFile>html/css/jquery/jquery.mobile.fix.css</HtmlFile>        
          <HtmlFile>html/css/Stylesheet.css</HtmlFile>        
          <HtmlFile>html/hybridapp_jQM.html</HtmlFile>        
          <HtmlFile>html/js/API.js</HtmlFile>        
          <HtmlFile>html/js/blackberry/cordova-2.0.0.javascript</HtmlFile>        
          <HtmlFile>html/js/Callbacks.js</HtmlFile>        
          <HtmlFile>html/js/Camera.js</HtmlFile>        
          <HtmlFile>html/js/Certificate.js</HtmlFile>        
          <HtmlFile>html/js/Custom.js</HtmlFile>        
          <HtmlFile>html/js/datajs-1.0.3.js</HtmlFile>        
          <HtmlFile>html/js/ExternalResource.js</HtmlFile>        
          <HtmlFile>html/js/hwc-api.js</HtmlFile>        
          <HtmlFile>html/js/hwc-comms.js</HtmlFile>        
          <HtmlFile>html/js/hwc-utils.js</HtmlFile>        
          <HtmlFile>html/js/HybridApp.js</HtmlFile>        
          <HtmlFile>html/js/jquery/jquery-1.7.1.js</HtmlFile>        
          <HtmlFile>html/js/jquery/jquery.mobile-1.1.0.js</HtmlFile>        
          <HtmlFile>html/js/jquery/jquery.mobile.custom.js</HtmlFile>        
          <HtmlFile>html/js/json2.js</HtmlFile>        
          <HtmlFile>html/js/PlatformIdentification.js</HtmlFile>        
          <HtmlFile>html/js/Resources.js</HtmlFile>        
          <HtmlFile>html/js/SUPStorage.js</HtmlFile>        
          <HtmlFile>html/js/Timezone.js</HtmlFile>        
          <HtmlFile>html/js/Utils.js</HtmlFile>        
          <HtmlFile>html/js/widgets/sy.ui.iphone.customButton.js</HtmlFile>        
          <HtmlFile>html/js/widgets/sy.ui.iphone.customFixPositionForm.js</HtmlFile>        
          <HtmlFile>html/js/widgets/sy.ui.iphone.iscroll4Lite.js</HtmlFile>        
          <HtmlFile>html/js/widgets/sy.ui.iphone.listview.js</HtmlFile>        
          <HtmlFile>html/js/widgets/sy.ui.iphone.menuBars.js</HtmlFile>        
          <HtmlFile>html/js/widgets/sy.ui.iphone.menus.js</HtmlFile>        
          <HtmlFile>html/js/widgets/sy.ui.iphone.picker.js</HtmlFile>        
          <HtmlFile>html/js/widgets/sy.ui.iphone.signature.js</HtmlFile>        
          <HtmlFile>html/js/widgets/sy.ui.iphone.util.js</HtmlFile>        
          <HtmlFile>html/js/widgets/sy.ui.js</HtmlFile>        
          <HtmlFile>html/js/WorkflowMessage.js</HtmlFile>        
        </HtmlFiles>
      </HTMLWorkflow>
    </BlackBerry>
    <BlackBerry6>
      <HTMLWorkflow>
        <File>S70031_Employee_jQM.xml</File>
        <HtmlFiles>        
          <HtmlFile>html/css/iphone/actionSheet.css</HtmlFile>        
          <HtmlFile>html/css/iphone/customButton.css</HtmlFile>        
          <HtmlFile>html/css/iphone/images/sw-alpha.png</HtmlFile>        
          <HtmlFile>html/css/iphone/images/sw-button-cancel.png</HtmlFile>        
          <HtmlFile>html/css/iphone/images/sw-button-done.png</HtmlFile>        
          <HtmlFile>html/css/iphone/images/sw-header.png</HtmlFile>        
          <HtmlFile>html/css/iphone/images/sw-slot-border.png</HtmlFile>        
          <HtmlFile>html/css/iphone/listview.css</HtmlFile>        
          <HtmlFile>html/css/iphone/picker.css</HtmlFile>        
          <HtmlFile>html/css/iphone/signature.css</HtmlFile>        
          <HtmlFile>html/css/iphone/Stylesheet.css</HtmlFile>        
          <HtmlFile>html/css/jquery/images/ajax-loader.gif</HtmlFile>        
          <HtmlFile>html/css/jquery/images/ajax-loader.png</HtmlFile>        
          <HtmlFile>html/css/jquery/images/icons-18-black.png</HtmlFile>        
          <HtmlFile>html/css/jquery/images/icons-18-white.png</HtmlFile>        
          <HtmlFile>html/css/jquery/images/icons-36-black.png</HtmlFile>        
          <HtmlFile>html/css/jquery/images/icons-36-white.png</HtmlFile>        
          <HtmlFile>html/css/jquery/jquery.mobile-1.1.0.css</HtmlFile>        
          <HtmlFile>html/css/jquery/jquery.mobile.fix.css</HtmlFile>        
          <HtmlFile>html/css/Stylesheet.css</HtmlFile>        
          <HtmlFile>html/hybridapp_jQM.html</HtmlFile>        
          <HtmlFile>html/js/API.js</HtmlFile>        
          <HtmlFile>html/js/blackberry/cordova-2.0.0.javascript</HtmlFile>        
          <HtmlFile>html/js/Callbacks.js</HtmlFile>        
          <HtmlFile>html/js/Camera.js</HtmlFile>        
          <HtmlFile>html/js/Certificate.js</HtmlFile>        
          <HtmlFile>html/js/Custom.js</HtmlFile>        
          <HtmlFile>html/js/datajs-1.0.3.js</HtmlFile>        
          <HtmlFile>html/js/ExternalResource.js</HtmlFile>        
          <HtmlFile>html/js/hwc-api.js</HtmlFile>        
          <HtmlFile>html/js/hwc-comms.js</HtmlFile>        
          <HtmlFile>html/js/hwc-utils.js</HtmlFile>        
          <HtmlFile>html/js/HybridApp.js</HtmlFile>        
          <HtmlFile>html/js/jquery/jquery-1.7.1.js</HtmlFile>        
          <HtmlFile>html/js/jquery/jquery.mobile-1.1.0.js</HtmlFile>        
          <HtmlFile>html/js/jquery/jquery.mobile.custom.js</HtmlFile>        
          <HtmlFile>html/js/json2.js</HtmlFile>        
          <HtmlFile>html/js/PlatformIdentification.js</HtmlFile>        
          <HtmlFile>html/js/Resources.js</HtmlFile>        
          <HtmlFile>html/js/SUPStorage.js</HtmlFile>        
          <HtmlFile>html/js/Timezone.js</HtmlFile>        
          <HtmlFile>html/js/Utils.js</HtmlFile>        
          <HtmlFile>html/js/widgets/sy.ui.iphone.customButton.js</HtmlFile>        
          <HtmlFile>html/js/widgets/sy.ui.iphone.customFixPositionForm.js</HtmlFile>        
          <HtmlFile>html/js/widgets/sy.ui.iphone.iscroll4Lite.js</HtmlFile>        
          <HtmlFile>html/js/widgets/sy.ui.iphone.listview.js</HtmlFile>        
          <HtmlFile>html/js/widgets/sy.ui.iphone.menuBars.js</HtmlFile>        
          <HtmlFile>html/js/widgets/sy.ui.iphone.menus.js</HtmlFile>        
          <HtmlFile>html/js/widgets/sy.ui.iphone.picker.js</HtmlFile>        
          <HtmlFile>html/js/widgets/sy.ui.iphone.signature.js</HtmlFile>        
          <HtmlFile>html/js/widgets/sy.ui.iphone.util.js</HtmlFile>        
          <HtmlFile>html/js/widgets/sy.ui.js</HtmlFile>        
          <HtmlFile>html/js/WorkflowMessage.js</HtmlFile>        
        </HtmlFiles>
      </HTMLWorkflow>
    </BlackBerry6>
    <Android>
      <HTMLWorkflow>
        <File>S70031_Employee_jQM.xml</File>
        <HtmlFiles>        
          <HtmlFile>html/css/iphone/actionSheet.css</HtmlFile>        
          <HtmlFile>html/css/iphone/customButton.css</HtmlFile>        
          <HtmlFile>html/css/iphone/images/sw-alpha.png</HtmlFile>        
          <HtmlFile>html/css/iphone/images/sw-button-cancel.png</HtmlFile>        
          <HtmlFile>html/css/iphone/images/sw-button-done.png</HtmlFile>        
          <HtmlFile>html/css/iphone/images/sw-header.png</HtmlFile>        
          <HtmlFile>html/css/iphone/images/sw-slot-border.png</HtmlFile>        
          <HtmlFile>html/css/iphone/listview.css</HtmlFile>        
          <HtmlFile>html/css/iphone/picker.css</HtmlFile>        
          <HtmlFile>html/css/iphone/signature.css</HtmlFile>        
          <HtmlFile>html/css/iphone/Stylesheet.css</HtmlFile>        
          <HtmlFile>html/css/jquery/images/ajax-loader.gif</HtmlFile>        
          <HtmlFile>html/css/jquery/images/ajax-loader.png</HtmlFile>        
          <HtmlFile>html/css/jquery/images/icons-18-black.png</HtmlFile>        
          <HtmlFile>html/css/jquery/images/icons-18-white.png</HtmlFile>        
          <HtmlFile>html/css/jquery/images/icons-36-black.png</HtmlFile>        
          <HtmlFile>html/css/jquery/images/icons-36-white.png</HtmlFile>        
          <HtmlFile>html/css/jquery/jquery.mobile-1.1.0.css</HtmlFile>        
          <HtmlFile>html/css/jquery/jquery.mobile.fix.css</HtmlFile>        
          <HtmlFile>html/css/makit/chart.css</HtmlFile>        
          <HtmlFile>html/css/makit/digitpicker.css</HtmlFile>        
          <HtmlFile>html/css/makit/images/chartToolbar.png</HtmlFile>        
          <HtmlFile>html/css/makit/images/da_icon.png</HtmlFile>        
          <HtmlFile>html/css/makit/images/digitpicker-bg-right.png</HtmlFile>        
          <HtmlFile>html/css/makit/images/digitpicker-button.png</HtmlFile>        
          <HtmlFile>html/css/makit/images/e-mail_icon.png</HtmlFile>        
          <HtmlFile>html/css/makit/images/fullscreen_icon.png</HtmlFile>        
          <HtmlFile>html/css/makit/images/graph_icon.png</HtmlFile>        
          <HtmlFile>html/css/makit/images/rangeselector_icon.png</HtmlFile>        
          <HtmlFile>html/css/makit/images/table_icon.png</HtmlFile>        
          <HtmlFile>html/css/makit/images/whatif_icon.png</HtmlFile>        
          <HtmlFile>html/css/makit/jquery/images/ui-bg_flat_0_aaaaaa_40x100.png</HtmlFile>        
          <HtmlFile>html/css/makit/jquery/images/ui-bg_flat_75_ffffff_40x100.png</HtmlFile>        
          <HtmlFile>html/css/makit/jquery/images/ui-bg_glass_55_fbf9ee_1x400.png</HtmlFile>        
          <HtmlFile>html/css/makit/jquery/images/ui-bg_glass_65_ffffff_1x400.png</HtmlFile>        
          <HtmlFile>html/css/makit/jquery/images/ui-bg_glass_75_dadada_1x400.png</HtmlFile>        
          <HtmlFile>html/css/makit/jquery/images/ui-bg_glass_75_e6e6e6_1x400.png</HtmlFile>        
          <HtmlFile>html/css/makit/jquery/images/ui-bg_glass_95_fef1ec_1x400.png</HtmlFile>        
          <HtmlFile>html/css/makit/jquery/images/ui-bg_highlight-soft_75_cccccc_1x100.png</HtmlFile>        
          <HtmlFile>html/css/makit/jquery/images/ui-icons_222222_256x240.png</HtmlFile>        
          <HtmlFile>html/css/makit/jquery/images/ui-icons_2e83ff_256x240.png</HtmlFile>        
          <HtmlFile>html/css/makit/jquery/images/ui-icons_454545_256x240.png</HtmlFile>        
          <HtmlFile>html/css/makit/jquery/images/ui-icons_888888_256x240.png</HtmlFile>        
          <HtmlFile>html/css/makit/jquery/images/ui-icons_cd0a0a_256x240.png</HtmlFile>        
          <HtmlFile>html/css/makit/jquery/jquery.ui.datepicker.css</HtmlFile>        
          <HtmlFile>html/css/Stylesheet.css</HtmlFile>        
          <HtmlFile>html/hybridapp_jQM.html</HtmlFile>        
          <HtmlFile>html/images/makit/annotation_BarButtonItem.png</HtmlFile>        
          <HtmlFile>html/images/makit/colorpicker_BarButtonItem.png</HtmlFile>        
          <HtmlFile>html/images/makit/drawcircle_BarButtonItem.png</HtmlFile>        
          <HtmlFile>html/images/makit/drawline_BarButtonItem.png</HtmlFile>        
          <HtmlFile>html/images/makit/drawrectangle_BarButtonItem.png</HtmlFile>        
          <HtmlFile>html/images/makit/draw_BarButtonItem.png</HtmlFile>        
          <HtmlFile>html/images/makit/erase_BarButtonItem.png</HtmlFile>        
          <HtmlFile>html/images/makit/erase_d_BarButtonItem.png</HtmlFile>        
          <HtmlFile>html/images/makit/move_BarButtonItem.png</HtmlFile>        
          <HtmlFile>html/images/makit/popup_tt_center.png</HtmlFile>        
          <HtmlFile>html/images/makit/popup_tt_left.png</HtmlFile>        
          <HtmlFile>html/images/makit/popup_tt_left_small.png</HtmlFile>        
          <HtmlFile>html/images/makit/popup_tt_right.png</HtmlFile>        
          <HtmlFile>html/images/makit/popup_tt_right_small.png</HtmlFile>        
          <HtmlFile>html/images/makit/redo_BarButtonItem.png</HtmlFile>        
          <HtmlFile>html/images/makit/redo_d_BarButtonItem.png</HtmlFile>        
          <HtmlFile>html/images/makit/undo_BarButtonItem.png</HtmlFile>        
          <HtmlFile>html/images/makit/undo_d_BarButtonItem.png</HtmlFile>        
          <HtmlFile>html/js/android/cordova-2.0.0.javascript</HtmlFile>        
          <HtmlFile>html/js/API.js</HtmlFile>        
          <HtmlFile>html/js/Callbacks.js</HtmlFile>        
          <HtmlFile>html/js/Camera.js</HtmlFile>        
          <HtmlFile>html/js/Certificate.js</HtmlFile>        
          <HtmlFile>html/js/Custom.js</HtmlFile>        
          <HtmlFile>html/js/datajs-1.0.3.js</HtmlFile>        
          <HtmlFile>html/js/ExternalResource.js</HtmlFile>        
          <HtmlFile>html/js/hwc-api.js</HtmlFile>        
          <HtmlFile>html/js/hwc-comms.js</HtmlFile>        
          <HtmlFile>html/js/hwc-utils.js</HtmlFile>        
          <HtmlFile>html/js/HybridApp.js</HtmlFile>        
          <HtmlFile>html/js/jquery/jquery-1.7.1.js</HtmlFile>        
          <HtmlFile>html/js/jquery/jquery.mobile-1.1.0.js</HtmlFile>        
          <HtmlFile>html/js/jquery/jquery.mobile.custom.js</HtmlFile>        
          <HtmlFile>html/js/json2.js</HtmlFile>        
          <HtmlFile>html/js/makit/GlobalizedResource.js</HtmlFile>        
          <HtmlFile>html/js/makit/jquery/jquery.glob.js</HtmlFile>        
          <HtmlFile>html/js/makit/jquery/jQuery.ui.datepicker.js</HtmlFile>        
          <HtmlFile>html/js/makit/jquery/locinfo/jQuery.glob.all.js</HtmlFile>        
          <HtmlFile>html/js/makit/sap.makit-2.3.min.js</HtmlFile>        
          <HtmlFile>html/js/makit/sap.makit.lite-2.3.min.js</HtmlFile>        
          <HtmlFile>html/js/MAKit.js</HtmlFile>        
          <HtmlFile>html/js/PlatformIdentification.js</HtmlFile>        
          <HtmlFile>html/js/Resources.js</HtmlFile>        
          <HtmlFile>html/js/SUPStorage.js</HtmlFile>        
          <HtmlFile>html/js/Timezone.js</HtmlFile>        
          <HtmlFile>html/js/Utils.js</HtmlFile>        
          <HtmlFile>html/js/widgets/sy.ui.iphone.customButton.js</HtmlFile>        
          <HtmlFile>html/js/widgets/sy.ui.iphone.customFixPositionForm.js</HtmlFile>        
          <HtmlFile>html/js/widgets/sy.ui.iphone.iscroll4Lite.js</HtmlFile>        
          <HtmlFile>html/js/widgets/sy.ui.iphone.listview.js</HtmlFile>        
          <HtmlFile>html/js/widgets/sy.ui.iphone.menuBars.js</HtmlFile>        
          <HtmlFile>html/js/widgets/sy.ui.iphone.menus.js</HtmlFile>        
          <HtmlFile>html/js/widgets/sy.ui.iphone.picker.js</HtmlFile>        
          <HtmlFile>html/js/widgets/sy.ui.iphone.signature.js</HtmlFile>        
          <HtmlFile>html/js/widgets/sy.ui.iphone.util.js</HtmlFile>        
          <HtmlFile>html/js/widgets/sy.ui.js</HtmlFile>        
          <HtmlFile>html/js/WorkflowMessage.js</HtmlFile>        
        </HtmlFiles>
      </HTMLWorkflow>
    </Android>
    
    <iPhone>
      <HTMLWorkflow>
        <File>S70031_Employee_jQM.xml</File>
        <HtmlFiles>        
          <HtmlFile>html/css/iphone/actionSheet.css</HtmlFile>        
          <HtmlFile>html/css/iphone/customButton.css</HtmlFile>        
          <HtmlFile>html/css/iphone/images/sw-alpha.png</HtmlFile>        
          <HtmlFile>html/css/iphone/images/sw-button-cancel.png</HtmlFile>        
          <HtmlFile>html/css/iphone/images/sw-button-done.png</HtmlFile>        
          <HtmlFile>html/css/iphone/images/sw-header.png</HtmlFile>        
          <HtmlFile>html/css/iphone/images/sw-slot-border.png</HtmlFile>        
          <HtmlFile>html/css/iphone/listview.css</HtmlFile>        
          <HtmlFile>html/css/iphone/picker.css</HtmlFile>        
          <HtmlFile>html/css/iphone/signature.css</HtmlFile>        
          <HtmlFile>html/css/iphone/Stylesheet.css</HtmlFile>        
          <HtmlFile>html/css/jquery/images/ajax-loader.gif</HtmlFile>        
          <HtmlFile>html/css/jquery/images/ajax-loader.png</HtmlFile>        
          <HtmlFile>html/css/jquery/images/icons-18-black.png</HtmlFile>        
          <HtmlFile>html/css/jquery/images/icons-18-white.png</HtmlFile>        
          <HtmlFile>html/css/jquery/images/icons-36-black.png</HtmlFile>        
          <HtmlFile>html/css/jquery/images/icons-36-white.png</HtmlFile>        
          <HtmlFile>html/css/jquery/jquery.mobile-1.1.0.css</HtmlFile>        
          <HtmlFile>html/css/jquery/jquery.mobile.fix.css</HtmlFile>        
          <HtmlFile>html/css/makit/chart.css</HtmlFile>        
          <HtmlFile>html/css/makit/digitpicker.css</HtmlFile>        
          <HtmlFile>html/css/makit/images/chartToolbar.png</HtmlFile>        
          <HtmlFile>html/css/makit/images/da_icon.png</HtmlFile>        
          <HtmlFile>html/css/makit/images/digitpicker-bg-right.png</HtmlFile>        
          <HtmlFile>html/css/makit/images/digitpicker-button.png</HtmlFile>        
          <HtmlFile>html/css/makit/images/e-mail_icon.png</HtmlFile>        
          <HtmlFile>html/css/makit/images/fullscreen_icon.png</HtmlFile>        
          <HtmlFile>html/css/makit/images/graph_icon.png</HtmlFile>        
          <HtmlFile>html/css/makit/images/rangeselector_icon.png</HtmlFile>        
          <HtmlFile>html/css/makit/images/table_icon.png</HtmlFile>        
          <HtmlFile>html/css/makit/images/whatif_icon.png</HtmlFile>        
          <HtmlFile>html/css/makit/jquery/images/ui-bg_flat_0_aaaaaa_40x100.png</HtmlFile>        
          <HtmlFile>html/css/makit/jquery/images/ui-bg_flat_75_ffffff_40x100.png</HtmlFile>        
          <HtmlFile>html/css/makit/jquery/images/ui-bg_glass_55_fbf9ee_1x400.png</HtmlFile>        
          <HtmlFile>html/css/makit/jquery/images/ui-bg_glass_65_ffffff_1x400.png</HtmlFile>        
          <HtmlFile>html/css/makit/jquery/images/ui-bg_glass_75_dadada_1x400.png</HtmlFile>        
          <HtmlFile>html/css/makit/jquery/images/ui-bg_glass_75_e6e6e6_1x400.png</HtmlFile>        
          <HtmlFile>html/css/makit/jquery/images/ui-bg_glass_95_fef1ec_1x400.png</HtmlFile>        
          <HtmlFile>html/css/makit/jquery/images/ui-bg_highlight-soft_75_cccccc_1x100.png</HtmlFile>        
          <HtmlFile>html/css/makit/jquery/images/ui-icons_222222_256x240.png</HtmlFile>        
          <HtmlFile>html/css/makit/jquery/images/ui-icons_2e83ff_256x240.png</HtmlFile>        
          <HtmlFile>html/css/makit/jquery/images/ui-icons_454545_256x240.png</HtmlFile>        
          <HtmlFile>html/css/makit/jquery/images/ui-icons_888888_256x240.png</HtmlFile>        
          <HtmlFile>html/css/makit/jquery/images/ui-icons_cd0a0a_256x240.png</HtmlFile>        
          <HtmlFile>html/css/makit/jquery/jquery.ui.datepicker.css</HtmlFile>        
          <HtmlFile>html/css/Stylesheet.css</HtmlFile>        
          <HtmlFile>html/hybridapp_jQM.html</HtmlFile>        
          <HtmlFile>html/images/makit/annotation_BarButtonItem.png</HtmlFile>        
          <HtmlFile>html/images/makit/colorpicker_BarButtonItem.png</HtmlFile>        
          <HtmlFile>html/images/makit/drawcircle_BarButtonItem.png</HtmlFile>        
          <HtmlFile>html/images/makit/drawline_BarButtonItem.png</HtmlFile>        
          <HtmlFile>html/images/makit/drawrectangle_BarButtonItem.png</HtmlFile>        
          <HtmlFile>html/images/makit/draw_BarButtonItem.png</HtmlFile>        
          <HtmlFile>html/images/makit/erase_BarButtonItem.png</HtmlFile>        
          <HtmlFile>html/images/makit/erase_d_BarButtonItem.png</HtmlFile>        
          <HtmlFile>html/images/makit/move_BarButtonItem.png</HtmlFile>        
          <HtmlFile>html/images/makit/popup_tt_center.png</HtmlFile>        
          <HtmlFile>html/images/makit/popup_tt_left.png</HtmlFile>        
          <HtmlFile>html/images/makit/popup_tt_left_small.png</HtmlFile>        
          <HtmlFile>html/images/makit/popup_tt_right.png</HtmlFile>        
          <HtmlFile>html/images/makit/popup_tt_right_small.png</HtmlFile>        
          <HtmlFile>html/images/makit/redo_BarButtonItem.png</HtmlFile>        
          <HtmlFile>html/images/makit/redo_d_BarButtonItem.png</HtmlFile>        
          <HtmlFile>html/images/makit/undo_BarButtonItem.png</HtmlFile>        
          <HtmlFile>html/images/makit/undo_d_BarButtonItem.png</HtmlFile>        
          <HtmlFile>html/js/API.js</HtmlFile>        
          <HtmlFile>html/js/Callbacks.js</HtmlFile>        
          <HtmlFile>html/js/Camera.js</HtmlFile>        
          <HtmlFile>html/js/Certificate.js</HtmlFile>        
          <HtmlFile>html/js/Custom.js</HtmlFile>        
          <HtmlFile>html/js/datajs-1.0.3.js</HtmlFile>        
          <HtmlFile>html/js/ExternalResource.js</HtmlFile>        
          <HtmlFile>html/js/hwc-api.js</HtmlFile>        
          <HtmlFile>html/js/hwc-comms.js</HtmlFile>        
          <HtmlFile>html/js/hwc-utils.js</HtmlFile>        
          <HtmlFile>html/js/HybridApp.js</HtmlFile>        
          <HtmlFile>html/js/ios/cordova-2.0.0.javascript</HtmlFile>        
          <HtmlFile>html/js/jquery/jquery-1.7.1.js</HtmlFile>        
          <HtmlFile>html/js/jquery/jquery.mobile-1.1.0.js</HtmlFile>        
          <HtmlFile>html/js/jquery/jquery.mobile.custom.js</HtmlFile>        
          <HtmlFile>html/js/json2.js</HtmlFile>        
          <HtmlFile>html/js/makit/GlobalizedResource.js</HtmlFile>        
          <HtmlFile>html/js/makit/jquery/jquery.glob.js</HtmlFile>        
          <HtmlFile>html/js/makit/jquery/jQuery.ui.datepicker.js</HtmlFile>        
          <HtmlFile>html/js/makit/jquery/locinfo/jQuery.glob.all.js</HtmlFile>        
          <HtmlFile>html/js/makit/sap.makit-2.3.min.js</HtmlFile>        
          <HtmlFile>html/js/makit/sap.makit.lite-2.3.min.js</HtmlFile>        
          <HtmlFile>html/js/MAKit.js</HtmlFile>        
          <HtmlFile>html/js/PlatformIdentification.js</HtmlFile>        
          <HtmlFile>html/js/Resources.js</HtmlFile>        
          <HtmlFile>html/js/SUPStorage.js</HtmlFile>        
          <HtmlFile>html/js/Timezone.js</HtmlFile>        
          <HtmlFile>html/js/Utils.js</HtmlFile>        
          <HtmlFile>html/js/widgets/sy.ui.iphone.customButton.js</HtmlFile>        
          <HtmlFile>html/js/widgets/sy.ui.iphone.customFixPositionForm.js</HtmlFile>        
          <HtmlFile>html/js/widgets/sy.ui.iphone.iscroll4Lite.js</HtmlFile>        
          <HtmlFile>html/js/widgets/sy.ui.iphone.listview.js</HtmlFile>        
          <HtmlFile>html/js/widgets/sy.ui.iphone.menuBars.js</HtmlFile>        
          <HtmlFile>html/js/widgets/sy.ui.iphone.menus.js</HtmlFile>        
          <HtmlFile>html/js/widgets/sy.ui.iphone.picker.js</HtmlFile>        
          <HtmlFile>html/js/widgets/sy.ui.iphone.signature.js</HtmlFile>        
          <HtmlFile>html/js/widgets/sy.ui.iphone.util.js</HtmlFile>        
          <HtmlFile>html/js/widgets/sy.ui.js</HtmlFile>        
          <HtmlFile>html/js/WorkflowMessage.js</HtmlFile>        
        </HtmlFiles>
      </HTMLWorkflow>
    </iPhone>
  </ClientWorkflows>

  <ContextVariables>  
    <ContextVariable>
      <Name>SupWorkflowVersion</Name>
      <Value>2.2.2</Value>
      <Certificate>false</Certificate>
      <Password>false</Password>
    </ContextVariable>
    <ContextVariable>
      <Name>SupUser</Name>
      <Value>C700</Value>
      <Certificate>false</Certificate>
      <Password>false</Password>
    </ContextVariable>
    <ContextVariable>
      <Name>SupPassword</Name>
      <Value>pass07</Value>
      <Certificate>false</Certificate>
      <Password>true</Password>
    </ContextVariable>
    <ContextVariable>
      <Name>SupDomain</Name>
      <Value>C700</Value>
      <Certificate>false</Certificate>
      <Password>false</Password>
    </ContextVariable>
    <ContextVariable>
      <Name>SupPackages</Name>
      <Value>C700_Employee:1.0</Value>
      <Certificate>false</Certificate>
      <Password>false</Password>
    </ContextVariable>
    <ContextVariable>
      <Name>SupRecoverableErrorRetryTimeout</Name>
      <Value>900</Value>
      <Certificate>false</Certificate>
      <Password>false</Password>
    </ContextVariable>
    <ContextVariable>
      <Name>SupUnrecoverableErrorRetryTimeout</Name>
      <Value>259200</Value>
      <Certificate>false</Certificate>
      <Password>false</Password>
    </ContextVariable>
    <ContextVariable>
      <Name>SupThrowCredentialRequestOn401Error</Name>
      <Value>true</Value>
      <Certificate>false</Certificate>
      <Password>false</Password>
    </ContextVariable>
    <ContextVariable>
      <Name>SupMaximumMessageLength</Name>
      <Value>1048576</Value>
      <Certificate>false</Certificate>
      <Password>false</Password>
    </ContextVariable>
    <ContextVariable>
      <Name>SupThrowBadHttpHeadersOn412Error</Name>
      <Value>true</Value>
      <Certificate>false</Certificate>
      <Password>false</Password>
    </ContextVariable>

   </ContextVariables>

  <MatchRules>
  </MatchRules>
  <Icons>
  </Icons>
  <Metadata version="1">
  </Metadata>
</Manifest>